key,enabled,identity,password,username
user-account-consumer-01,true,"UserIdentity{name: 'Peter', surname: 'Consumer', email: 'peter@acme.com'}",consumer1,consumer1
user-account-consumer-02,true,"UserIdentity{name: 'Mary', surname: '貸んい建濯よ芝弾テソ Λορεμ ιπσθμ', email: 'mary@acme.com'}",consumer2,consumer2
user-account-consumer-03,true,"UserIdentity{name: 'Manolo', surname: '之乎路可良 ᏥᏲᏎᎭ', email: 'manolo@acme.com'}",consumer3,consumer3
user-account-provider-01,true,"UserIdentity{name: 'Laurel', surname: 'Provider', email: 'laurel@acme.com'}",provider1,provider1
user-account-provider-02,true,"UserIdentity{name: 'Martina', surname: 'коза თხა', email: 'martina@acme.com'}",provider2,provider2
user-account-provider-03,true,"UserIdentity{name: 'Antonia', surname: 'אבטיח Æløzå', email: 'antonia@acme.com'}",provider3,provider3
user-account-assistanceAgent-01,true,"UserIdentity{name: 'Juan Antonio', surname: 'Ruiz', email: 'JuanAntonio@acme.com'}",agent1,agent1
user-account-assistanceAgent-02,true,"UserIdentity{name: 'Juan', surname: 'Lopez', email: 'Juan@acme.com'}",agent2,agent2
user-account-assistanceAgent-03,true,"UserIdentity{name: 'Antonio', surname: 'Rodriguez', email: 'Antonio@acme.com'}",agent3,agent3
"user-account-manager-01",true,"UserIdentity{name: 'Thomas', surname: 'Jones', email: 'thomas.jones@acme.com' }","manager1","manager1"
"user-account-manager-02",true,"UserIdentity{name: 'Tyler', surname: 'Mays', email: 'tyler.mays@acme.com' }","manager2","manager2"
"user-account-manager-03",true,"UserIdentity{name: 'Samuel', surname: 'Brown', email: 'samuel.brown@acme.com' }","manager3","manager3"
"user-account-manager-04",true,"UserIdentity{name: 'Joseph', surname: 'Little', email: 'joseph.little@acme.com' }","manager4","manager4"
"user-account-manager-05",true,"UserIdentity{name: 'Taylor', surname: 'Henry', email: 'taylor.henry@acme.com' }","manager5","manager5"
"user-account-manager-06",true,"UserIdentity{name: 'Kenneth', surname: 'White', email: 'kenneth.white@acme.com' }","manager6","manager6"
"user-account-manager-07",true,"UserIdentity{name: 'Tina', surname: 'Gonzalez', email: 'tina.gonzalez@acme.com' }","manager7","manager7"
"user-account-manager-08",true,"UserIdentity{name: 'Anthony', surname: 'Anderson', email: 'anthony.anderson@acme.com' }","manager8","manager8"
"user-account-manager-09",true,"UserIdentity{name: 'Ashley', surname: 'Beck', email: 'ashley.beck@acme.com' }","manager9","manager9"
"user-account-manager-10",true,"UserIdentity{name: 'David', surname: 'Fleming', email: 'david.fleming@acme.com' }","manager10","manager10"
"user-account-manager-11",true,"UserIdentity{name: 'Christopher', surname: 'Hoffman', email: 'christopher.hoffman@acme.com' }","manager11","manager11"
"user-account-manager-12",true,"UserIdentity{name: 'Raymond', surname: 'Webster', email: 'raymond.webster@acme.com' }","manager12","manager12"
"user-account-manager-13",true,"UserIdentity{name: 'Michael', surname: 'Whitehead', email: 'michael.whitehead@acme.com' }","manager13","manager13"
"user-account-manager-14",true,"UserIdentity{name: 'Kaitlin', surname: 'Wagner', email: 'kaitlin.wagner@acme.com' }","manager14","manager14"
"user-account-manager-15",true,"UserIdentity{name: 'James', surname: 'Powell', email: 'james.powell@acme.com' }","manager15","manager15"
"user-account-manager-16",true,"UserIdentity{name: 'Timothy', surname: 'Sanders', email: 'timothy.sanders@acme.com' }","manager16","manager16"
"user-account-manager-17",true,"UserIdentity{name: 'Kyle', surname: 'Murphy', email: 'kyle.murphy@acme.com' }","manager17","manager17"
"user-account-manager-18",true,"UserIdentity{name: 'Morgan', surname: 'Gordon', email: 'morgan.gordon@acme.com' }","manager18","manager18"
"user-account-manager-19",true,"UserIdentity{name: 'Melissa', surname: 'Sanchez', email: 'melissa.sanchez@acme.com' }","manager19","manager19"
"user-account-manager-20",true,"UserIdentity{name: 'Billy', surname: 'Nguyen', email: 'billy.nguyen@acme.com' }","manager20","manager20"
"user-account-manager-21",true,"UserIdentity{name: 'Juan', surname: 'Stewart', email: 'juan.stewart@acme.com' }","manager21","manager21"
"user-account-manager-22",true,"UserIdentity{name: 'Shane', surname: 'Johnson', email: 'shane.johnson@acme.com' }","manager22","manager22"
"user-account-manager-23",true,"UserIdentity{name: 'Amy', surname: 'Wilson', email: 'amy.wilson@acme.com' }","manager23","manager23"
"user-account-manager-24",true,"UserIdentity{name: 'Diane', surname: 'Swanson', email: 'diane.swanson@acme.com' }","manager24","manager24"
"user-account-manager-25",true,"UserIdentity{name: 'Justin', surname: 'Conner', email: 'justin.conner@acme.com' }","manager25","manager25"
"user-account-manager-26",true,"UserIdentity{name: 'Sarah', surname: 'Phillips', email: 'sarah.phillips@acme.com' }","manager26","manager26"
"user-account-manager-27",true,"UserIdentity{name: 'James', surname: 'Shelton', email: 'james.shelton@acme.com' }","manager27","manager27"
"user-account-manager-28",true,"UserIdentity{name: 'Heather', surname: 'Nelson', email: 'heather.nelson@acme.com' }","manager28","manager28"
"user-account-manager-29",true,"UserIdentity{name: 'Veronica', surname: 'Burke', email: 'veronica.burke@acme.com' }","manager29","manager29"
"user-account-manager-30",true,"UserIdentity{name: 'Kevin', surname: 'Williams', email: 'kevin.williams@acme.com' }","manager30","manager30"
"user-account-manager-31",true,"UserIdentity{name: 'Tim', surname: 'Guerrero', email: 'tim.guerrero@acme.com' }","manager31","manager31"
"user-account-manager-32",true,"UserIdentity{name: 'Paula', surname: 'Hall', email: 'paula.hall@acme.com' }","manager32","manager32"
"user-account-manager-33",true,"UserIdentity{name: 'Martha', surname: 'Moss', email: 'martha.moss@acme.com' }","manager33","manager33"
"user-account-manager-34",true,"UserIdentity{name: 'Nicholas', surname: 'Andrews', email: 'nicholas.andrews@acme.com' }","manager34","manager34"
"user-account-manager-35",true,"UserIdentity{name: 'Tracy', surname: 'Simpson', email: 'tracy.simpson@acme.com' }","manager35","manager35"
"user-account-manager-36",true,"UserIdentity{name: 'Robert', surname: 'Shaffer', email: 'robert.shaffer@acme.com' }","manager36","manager36"
"user-account-manager-37",true,"UserIdentity{name: 'Shawn', surname: 'Walsh', email: 'shawn.walsh@acme.com' }","manager37","manager37"
"user-account-manager-38",true,"UserIdentity{name: 'Lisa', surname: 'Adams', email: 'lisa.adams@acme.com' }","manager38","manager38"
user-account-customer-01,true,"UserIdentity{name: 'Customer1', surname: 'Customer', email: 'Customer1@acme.com'}",customer1,customer1
user-account-customer-02,true,"UserIdentity{name: 'Customer2', surname: 'Customer', email: 'Customer2@acme.com'}",customer2,customer2
user-account-customer-03,true,"UserIdentity{name: 'Customer3', surname: 'Customer', email: 'Customer3@acme.com'}",customer3,customer3
user-account-customer-04,true,"UserIdentity{name: 'Customer4', surname: 'Customer', email: 'Customer4@acme.com'}",customer4,customer4
user-account-customer-05,true,"UserIdentity{name: 'Customer5', surname: 'Customer', email: 'Customer5@acme.com'}",customer5,customer5
user-account-customer-06,true,"UserIdentity{name: 'Customer6', surname: 'Customer', email: 'Customer6@acme.com'}",customer6,customer6
user-account-customer-07,true,"UserIdentity{name: 'Customer7', surname: 'Customer', email: 'Customer7@acme.com'}",customer7,customer7
user-account-customer-08,true,"UserIdentity{name: 'Customer8', surname: 'Customer', email: 'Customer8@acme.com'}",customer8,customer8
user-account-customer-09,true,"UserIdentity{name: 'Customer9', surname: 'Customer', email: 'Customer9@acme.com'}",customer9,customer9
user-account-customer-10,true,"UserIdentity{name: 'Customer10', surname: 'Customer', email: 'Customer10@acme.com'}",customer10,customer10
user-account-customer-11,true,"UserIdentity{name: 'Customer11', surname: 'Customer', email: 'Customer11@acme.com'}",customer11,customer11
user-account-customer-12,true,"UserIdentity{name: 'Customer12', surname: 'Customer', email: 'Customer12@acme.com'}",customer12,customer12
user-account-customer-13,true,"UserIdentity{name: 'Customer13', surname: 'Customer', email: 'Customer13@acme.com'}",customer13,customer13
user-account-customer-14,true,"UserIdentity{name: 'Customer14', surname: 'Customer', email: 'Customer14@acme.com'}",customer14,customer14
user-account-customer-15,true,"UserIdentity{name: 'Customer15', surname: 'Customer', email: 'Customer15@acme.com'}",customer15,customer15
user-account-customer-16,true,"UserIdentity{name: 'Customer16', surname: 'Customer', email: 'Customer16@acme.com'}",customer16,customer16
user-account-customer-17,true,"UserIdentity{name: 'Customer17', surname: 'Customer', email: 'Customer17@acme.com'}",customer17,customer17
user-account-customer-18,true,"UserIdentity{name: 'Customer18', surname: 'Customer', email: 'Customer18@acme.com'}",customer18,customer18
user-account-customer-19,true,"UserIdentity{name: 'Customer19', surname: 'Customer', email: 'Customer19@acme.com'}",customer19,customer19
user-account-customer-20,true,"UserIdentity{name: 'Customer20', surname: 'Customer', email: 'Customer20@acme.com'}",customer20,customer20
user-account-customer-21,true,"UserIdentity{name: 'Customer21', surname: 'Customer', email: 'Customer21@acme.com'}",customer21,customer21
user-account-customer-22,true,"UserIdentity{name: 'Customer22', surname: 'Customer', email: 'Customer22@acme.com'}",customer22,customer22
user-account-customer-23,true,"UserIdentity{name: 'Customer23', surname: 'Customer', email: 'Customer23@acme.com'}",customer23,customer23
user-account-customer-24,true,"UserIdentity{name: 'Customer24', surname: 'Customer', email: 'Customer24@acme.com'}",customer24,customer24
user-account-customer-25,true,"UserIdentity{name: 'Customer25', surname: 'Customer', email: 'Customer25@acme.com'}",customer25,customer25
user-account-customer-26,true,"UserIdentity{name: 'Customer26', surname: 'Customer', email: 'Customer26@acme.com'}",customer26,customer26
user-account-customer-27,true,"UserIdentity{name: 'Customer27', surname: 'Customer', email: 'Customer27@acme.com'}",customer27,customer27
user-account-customer-28,true,"UserIdentity{name: 'Customer28', surname: 'Customer', email: 'Customer28@acme.com'}",customer28,customer28
user-account-customer-29,true,"UserIdentity{name: 'Customer29', surname: 'Customer', email: 'Customer29@acme.com'}",customer29,customer29
user-account-customer-30,true,"UserIdentity{name: 'Customer30', surname: 'Customer', email: 'Customer30@acme.com'}",customer30,customer30
user-account-customer-31,true,"UserIdentity{name: 'Customer31', surname: 'Customer', email: 'Customer31@acme.com'}",customer31,customer31
user-account-customer-32,true,"UserIdentity{name: 'Customer32', surname: 'Customer', email: 'Customer32@acme.com'}",customer32,customer32
user-account-customer-33,true,"UserIdentity{name: 'Customer33', surname: 'Customer', email: 'Customer33@acme.com'}",customer33,customer33
user-account-customer-34,true,"UserIdentity{name: 'Customer34', surname: 'Customer', email: 'Customer34@acme.com'}",customer34,customer34
user-account-customer-35,true,"UserIdentity{name: 'Customer35', surname: 'Customer', email: 'Customer35@acme.com'}",customer35,customer35
user-account-customer-36,true,"UserIdentity{name: 'Customer36', surname: 'Customer', email: 'Customer36@acme.com'}",customer36,customer36
user-account-customer-37,true,"UserIdentity{name: 'Customer37', surname: 'Customer', email: 'Customer37@acme.com'}",customer37,customer37
user-account-customer-38,true,"UserIdentity{name: 'Customer38', surname: 'Customer', email: 'Customer38@acme.com'}",customer38,customer38
user-account-customer-39,true,"UserIdentity{name: 'Customer39', surname: 'Customer', email: 'Customer39@acme.com'}",customer39,customer39
user-account-customer-40,true,"UserIdentity{name: 'Customer40', surname: 'Customer', email: 'Customer40@acme.com'}",customer40,customer40
user-account-customer-41,true,"UserIdentity{name: 'Customer41', surname: 'Customer', email: 'Customer41@acme.com'}",customer41,customer41
user-account-customer-42,true,"UserIdentity{name: 'Customer42', surname: 'Customer', email: 'Customer42@acme.com'}",customer42,customer42
user-account-customer-43,true,"UserIdentity{name: 'Customer43', surname: 'Customer', email: 'Customer43@acme.com'}",customer43,customer43
user-account-customer-44,true,"UserIdentity{name: 'Customer44', surname: 'Customer', email: 'Customer44@acme.com'}",customer44,customer44
user-account-customer-45,true,"UserIdentity{name: 'Customer45', surname: 'Customer', email: 'Customer45@acme.com'}",customer45,customer45
user-account-customer-46,true,"UserIdentity{name: 'Customer46', surname: 'Customer', email: 'Customer46@acme.com'}",customer46,customer46
user-account-customer-47,true,"UserIdentity{name: 'Customer47', surname: 'Customer', email: 'Customer47@acme.com'}",customer47,customer47
user-account-customer-48,true,"UserIdentity{name: 'Customer48', surname: 'Customer', email: 'Customer48@acme.com'}",customer48,customer48
user-account-customer-49,true,"UserIdentity{name: 'Customer49', surname: 'Customer', email: 'Customer49@acme.com'}",customer49,customer49
user-account-customer-50,true,"UserIdentity{name: 'Customer50', surname: 'Customer', email: 'Customer50@acme.com'}",customer50,customer50
user-account-customer-51,true,"UserIdentity{name: 'Customer51', surname: 'Customer', email: 'Customer51@acme.com'}",customer51,customer51
user-account-customer-52,true,"UserIdentity{name: 'Customer52', surname: 'Customer', email: 'Customer52@acme.com'}",customer52,customer52
user-account-customer-53,true,"UserIdentity{name: 'Customer53', surname: 'Customer', email: 'Customer53@acme.com'}",customer53,customer53
user-account-customer-54,true,"UserIdentity{name: 'Customer54', surname: 'Customer', email: 'Customer54@acme.com'}",customer54,customer54
user-account-customer-55,true,"UserIdentity{name: 'Customer55', surname: 'Customer', email: 'Customer55@acme.com'}",customer55,customer55
user-account-customer-56,true,"UserIdentity{name: 'Customer56', surname: 'Customer', email: 'Customer56@acme.com'}",customer56,customer56
user-account-customer-57,true,"UserIdentity{name: 'Customer57', surname: 'Customer', email: 'Customer57@acme.com'}",customer57,customer57
user-account-customer-58,true,"UserIdentity{name: 'Customer58', surname: 'Customer', email: 'Customer58@acme.com'}",customer58,customer58
user-account-customer-59,true,"UserIdentity{name: 'Customer59', surname: 'Customer', email: 'Customer59@acme.com'}",customer59,customer59
user-account-customer-60,true,"UserIdentity{name: 'Customer60', surname: 'Customer', email: 'Customer60@acme.com'}",customer60,customer60